,BestLam,BestLam,EDOF,EDOF,CV_R2,CV_R2
,mean,std,mean,std,mean,std
Target,,,,,,
Monothalamida,0.1,0.0,13.313393932909355,0.5227713910962127,-2.5615362608359122,1.642677909124224
ZOTUs,0.1,0.0,13.313393932909355,0.5227713910962127,-0.30859073124719927,0.2142894575501601
reads,0.1,0.0,13.313393932909355,0.5227713910962127,-4.099028954297511,3.5868642625524734
