Target,Model,Fold,R2,R2_train,RMSE,RMSE_train,MAE,MAE_train
Monothalamida,XGBoost,2.0,-0.39152097702026367,0.9996666789054871,25853.676565516256,285.41693813311883,14775.349186197916,198.8625454674848
ZOTUs,LightGBM,2.0,-0.32242590262007914,0.0,1410.30006675016,1421.5782009639647,1015.1952586594691,997.697536611174
reads,XGBoost,2.0,-0.5264266014099122,0.9997704863548279,98590.80576890588,1029.9964341361415,56899.94945095487,777.1900472334682
