Target,Model,Fold,R2,R2_train,RMSE,RMSE_train,MAE,MAE_train
Miliolida,RF,1.0,-0.09355385534052703,0.8139687969575397,145.85913990360118,73.80223358128728,78.99534260874562,47.60086834737093
Monothalamida,RF,1.0,-0.6686075090603261,0.7538252618095621,24954.93716418502,13152.613928332954,15057.080670308373,8181.221279173318
Other,RF,1.0,-0.1036230516007346,0.7617288299403494,59652.52483650809,30462.848945507154,33418.847476030256,19306.715027101614
Rotaliida,RF,1.0,-0.0019910970721068733,0.8308309995635811,11716.851755632431,5303.293634429127,6589.2954644667325,3298.102308376885
Textulariida,LightGBM,1.0,-0.4558343380411702,0.04571125468070517,278.74680114284814,293.20520257601925,172.0972907331275,169.4793500695687
reads,RF,1.0,-0.14851763727953413,0.759576472523444,95733.3745810595,49530.32149722086,54174.56508528119,30964.493356870884
shannon,LightGBM,1.0,-3.1978406276384272,0.04977999710958839,0.4656694399116317,0.3279274904208897,0.4086455064215095,0.2500180458112944
simpson,LightGBM,1.0,-2.2061905637926214,0.042920737010705014,0.013663627450557922,0.012321650911930354,0.009662554251185012,0.008320268741088587
zotu,LightGBM,1.0,-0.19140195747693522,0.0332734202308419,1540.093092451727,1431.3765515498865,1160.8866450094622,1030.012099284689
