Feature,VIF
Sediment_PC1,2.560544231987783
Sediment_PC2,1.8591498835719151
Major_PC1,10.117522186353431
Major_PC2,1.4914219516178537
Trace_PC1,5.707408911657573
Trace_PC2,3.080673063213147
Organic_PC1,1.096569094089375
Organic_PC2,2.0135191089684383
