Target,Fold,BestLam,CV_R2,EDOF
reads,0,0.1,-6.922300307626048,7.784628665633257
reads,1,0.1,-2.1829276380654106,12.731725672369656
reads,2,0.1,-0.389268328347269,12.996419399985474
ZOTUs,0,0.1,-2.816204372939333,7.784628665633257
ZOTUs,1,0.1,-0.08925788826874329,12.731725672369656
ZOTUs,2,0.1,-0.07007794313200355,12.996419399985474
Monothalamida,0,0.1,-12.414092534078495,7.784628665633257
Monothalamida,1,0.1,-1.5827246294248962,12.731725672369656
Monothalamida,2,0.1,-0.37546070397069714,12.996419399985474
