,BestLam,BestLam,EDOF,EDOF,CV_R2,CV_R2
,mean,std,mean,std,mean,std
Target,,,,,,
Monothalamida,0.10000000000000002,0.0,11.17092457932946,2.9356031243505143,-4.7907592891580295,6.629538360154346
ZOTUs,0.10000000000000002,0.0,11.17092457932946,2.9356031243505143,-0.9918467347800265,1.5799691647328167
reads,0.10000000000000002,0.0,11.17092457932946,2.9356031243505143,-3.1648320913462427,3.375385752339923
