Target,Model,Fold,R2,R2_train,RMSE,RMSE_train,MAE,MAE_train
Monothalamida,RF,1.0,-0.6686075090603261,0.7538252618095621,24954.93716418502,13152.613928332954,15057.080670308373,8181.221279173318
ZOTUs,LightGBM,1.0,-0.19140195747693522,0.0332734202308419,1540.093092451727,1431.3765515498865,1160.8866450094622,1030.012099284689
reads,RF,1.0,-0.14851763727953413,0.759576472523444,95733.3745810595,49530.32149722086,54174.56508528119,30964.493356870884
