Target,Model,Fold,R2,R2_train,RMSE,RMSE_train,MAE,MAE_train
Miliolida,LightGBM,2.0,-0.08935465160200211,0.0,156.20910498005108,168.22776363928813,98.78183235867446,99.67766103726045
Monothalamida,XGBoost,2.0,-0.39152097702026367,0.9996666789054871,25853.675523861377,285.41693163126536,14775.3494140625,198.86255247183144
Other,XGBoost,2.0,-0.6814265489578247,0.9999801039695739,61428.63388612397,254.51758250012944,34895.6939453125,162.17691254615784
Rotaliida,XGBoost,2.0,-0.3225669741630554,0.9991579055786133,11467.666314864251,267.30885686572026,6612.816650390625,199.42331836223602
Textulariida,XGBoost,2.0,-0.8132175445556641,0.9999349236488342,249.37756948855318,2.1340934169732644,135.59965286254882,1.4445121943950654
reads,XGBoost,2.0,-0.5264266014099122,0.9997704863548279,98590.80678259989,1029.9964427485397,56899.949609375,777.1900658607483
shannon,LightGBM,2.0,-0.07184077750707844,-2.042810365310288e-15,0.3362916588425773,0.34858080871101793,0.24863078007384623,0.24146167061975232
simpson,LightGBM,2.0,-0.07634772363423785,-5.666578317686799e-14,0.011989559019324216,0.013785851233577739,0.008922868162269944,0.00893800518043725
zotu,LightGBM,2.0,-0.32242590262007914,0.0,1410.30006675016,1421.5782009639647,1015.1952586594691,997.697536611174
